病名,痛みの種類,D1,D2,D3,D4,D5,D6,D7,D8,D9,D10,D11,D12,D13,D14,D15,D16,D17,D18
変形性腰椎症,心因性疼痛、侵害受容性疼痛,2,3,2,3,2,3,3,3,2,2,3,3,2,1,1,3,1,3
半月板損傷、腰部脊柱管狭窄症,侵害受容性疼痛、神経障害性疼痛,2,2,1,1,1,2,2,1,2,2,1,1,2,1,1,1,1,1
脊柱後側弯症,侵害受容性疼痛、神経障害性疼痛,1,1,2,2,1,3,3,3,1,1,1,1,1,1,1,1,1,1
腰椎脊柱管狭窄症、両膝OA,神経障害性疼痛、侵害受容性疼痛,2,1,1,1,1,1,2,2,2,3,2,1,1,1,1,1,1,1
腰椎変性側弯症,神経障害性疼痛、侵害受容性疼痛,2,3,2,2,1,3,2,3,2,1,1,1,2,1,1,1,1,1
頚髄症、右変形性股関節症,神経障害性疼痛、侵害受容性疼痛,2,1,1,2,1,3,2,3,3,2,1,1,1,1,1,1,1,1
腸腰筋軟部腫瘍,不明,1,1,2,2,2,3,3,3,3,1,1,1,1,1,1,1,1,1
後腹膜腫瘍,不明,1,2,2,2,1,3,2,2,2,1,1,1,1,1,1,1,1,1
右肩軟部腫瘍,不明,1,1,1,1,1,3,2,1,1,1,1,1,1,1,1,1,1,1
右母趾グロムス腫瘍,不明,1,1,1,1,1,2,1,1,1,1,1,1,1,1,1,1,1,1
右指軟部腫瘍,不明,1,1,1,1,1,3,1,1,2,1,1,1,1,1,1,1,1,1
左肘軟部腫瘤,不明,1,1,1,2,1,2,2,1,2,2,1,1,1,1,1,1,1,1
右大腿骨腫瘍,不明,1,1,1,1,1,2,1,1,1,1,1,1,1,1,1,1,1,1
脊髄腫瘍、リウマチ性多発筋痛症,不明,1,2,1,1,1,3,2,1,2,2,2,2,2,1,1,1,1,1
右環指軟部腫瘍,不明,1,1,1,1,1,1,1,1,1,1,1,1,1,1,1,1,1,1
転移性脊椎腫瘍疑い,不明,1,1,1,1,1,3,2,1,2,2,1,1,1,1,1,1,1,1
右足底線維腫術後（再発疑い）,不明,1,1,1,1,1,3,2,1,2,1,1,2,1,1,1,1,1,1
左足腫瘤,不明,1,1,2,2,1,3,3,1,3,2,1,1,1,1,1,1,1,1
右腸骨骨腫瘍,不明,1,1,2,2,1,3,2,2,3,3,1,1,1,1,1,1,1,1
左鼠径部軟部腫瘍,不明,1,1,1,1,1,2,1,1,1,1,1,1,1,1,1,1,1,1
右手関節ガングリオン,不明,1,1,1,1,3,3,3,1,1,1,1,1,1,1,1,1,1,1
右大腿血管腫,不明,1,1,1,1,1,2,2,1,1,1,1,1,1,1,1,1,1,1
変性側弯症術後,不明,1,2,1,2,1,3,3,2,1,1,1,1,1,1,1,1,1,1
腰部脊柱管狭窄症、踵骨骨腫瘍,不明,2,2,2,2,2,2,3,2,1,1,2,2,2,1,1,1,1,2
中手骨骨腫瘍,不明,1,1,1,1,1,3,3,1,2,1,1,1,1,1,1,1,1,1
両側足底線維腫,不明,1,1,2,2,1,3,3,1,2,1,1,1,1,1,1,2,1,1
左上腕骨腫瘍,不明,1,1,1,1,1,1,2,1,2,1,3,1,1,1,1,1,1,1
左膝軟部腫瘍,不明,1,1,1,2,2,2,3,2,2,2,1,1,1,1,1,1,1,1
転移性脊椎腫瘍,不明,2,2,2,2,2,3,2,2,1,1,1,1,1,1,1,1,1,1
転移性脊椎腫瘍,不明,1,1,1,1,2,3,1,2,3,2,1,1,1,1,1,1,1,1
上腕骨骨腫瘍,不明,1,1,1,1,1,1,1,1,2,1,2,1,2,1,1,1,1,1
左坐骨腫瘍,不明、癌性疼痛,1,1,1,1,1,2,2,3,2,2,2,2,2,1,1,3,2,2
